-- phpMyAdmin SQL Dump
-- version 4.8.3
-- https://www.phpmyadmin.net/
--
-- Host: localhost:8889
-- Generation Time: Oct 04, 2018 at 05:06 PM
-- Server version: 5.7.23
-- PHP Version: 7.2.8

SET SQL_MODE = "NO_AUTO_VALUE_ON_ZERO";
SET time_zone = "+00:00";


/*!40101 SET @OLD_CHARACTER_SET_CLIENT=@@CHARACTER_SET_CLIENT */;
/*!40101 SET @OLD_CHARACTER_SET_RESULTS=@@CHARACTER_SET_RESULTS */;
/*!40101 SET @OLD_COLLATION_CONNECTION=@@COLLATION_CONNECTION */;
/*!40101 SET NAMES utf8mb4 */;

--
-- Database: `regina_nurieva`
--
CREATE DATABASE IF NOT EXISTS `regina_nurieva` DEFAULT CHARACTER SET utf8 COLLATE utf8_general_ci;
USE `regina_nurieva`;

-- --------------------------------------------------------

--
-- Table structure for table `clients`
--

CREATE TABLE `clients` (
  `id` int(11) NOT NULL,
  `name` varchar(255) NOT NULL,
  `stylist_id` int(11) NOT NULL
) ENGINE=InnoDB DEFAULT CHARSET=utf8;

--
-- Dumping data for table `clients`
--

INSERT INTO `clients` (`id`, `name`, `stylist_id`) VALUES
(2, 'Mark', 2),
(3, 'Ryan', 1),
(4, 'Mark', 1),
(6, 'Jo', 1),
(11, 'Sally Sweet', 3),
(16, 'Andrei', 6),
(17, 'Mary', 1),
(18, 'Emily', 1),
(19, 'Test', 1),
(20, '', 1),
(21, 'Chan', 1);

-- --------------------------------------------------------

--
-- Table structure for table `specialties`
--

CREATE TABLE `specialties` (
  `id` int(11) NOT NULL,
  `description` varchar(255) NOT NULL
) ENGINE=InnoDB DEFAULT CHARSET=utf8;

--
-- Dumping data for table `specialties`
--

INSERT INTO `specialties` (`id`, `description`) VALUES
(1, 'Free Wax'),
(2, 'Nose hair removal'),
(3, 'Hair Coloring');

-- --------------------------------------------------------

--
-- Table structure for table `stylists`
--

CREATE TABLE `stylists` (
  `id` int(11) NOT NULL,
  `name` varchar(255) NOT NULL
) ENGINE=InnoDB DEFAULT CHARSET=utf8;

--
-- Dumping data for table `stylists`
--

INSERT INTO `stylists` (`id`, `name`) VALUES
(1, 'Regina Von Pompadour'),
(2, 'Tracy Van Tuck'),
(6, 'Mr. Awesome'),
(7, ''),
(8, 'Jason');

-- --------------------------------------------------------

--
-- Table structure for table `stylists_clients`
--

CREATE TABLE `stylists_clients` (
  `id` int(11) NOT NULL,
  `stylist_id` int(11) NOT NULL,
  `client_id` int(11) NOT NULL
) ENGINE=InnoDB DEFAULT CHARSET=utf8;

--
-- Dumping data for table `stylists_clients`
--

INSERT INTO `stylists_clients` (`id`, `stylist_id`, `client_id`) VALUES
(1, 1, 21);

-- --------------------------------------------------------

--
-- Table structure for table `stylists_specialties`
--

CREATE TABLE `stylists_specialties` (
  `id` int(11) NOT NULL,
  `stylist_id` int(11) NOT NULL,
  `specialty_id` int(11) NOT NULL
) ENGINE=InnoDB DEFAULT CHARSET=utf8;

--
-- Dumping data for table `stylists_specialties`
--

INSERT INTO `stylists_specialties` (`id`, `stylist_id`, `specialty_id`) VALUES
(1, 1, 3),
(4, 1, 1),
(6, 1, 2),
(8, 2, 3),
(9, 2, 2),
(10, 2, 1),
(11, 6, 0),
(12, 1, 0),
(13, 1, 0),
(14, 1, 0),
(15, 1, 0),
(16, 1, 0),
(17, 2, 0),
(18, 2, 0),
(19, 1, 0),
(20, 6, 3),
(21, 6, 1);

--
-- Indexes for dumped tables
--

--
-- Indexes for table `clients`
--
ALTER TABLE `clients`
  ADD PRIMARY KEY (`id`);

--
-- Indexes for table `specialties`
--
ALTER TABLE `specialties`
  ADD PRIMARY KEY (`id`);

--
-- Indexes for table `stylists`
--
ALTER TABLE `stylists`
  ADD PRIMARY KEY (`id`);

--
-- Indexes for table `stylists_clients`
--
ALTER TABLE `stylists_clients`
  ADD PRIMARY KEY (`id`);

--
-- Indexes for table `stylists_specialties`
--
ALTER TABLE `stylists_specialties`
  ADD PRIMARY KEY (`id`);

--
-- AUTO_INCREMENT for dumped tables
--

--
-- AUTO_INCREMENT for table `clients`
--
ALTER TABLE `clients`
  MODIFY `id` int(11) NOT NULL AUTO_INCREMENT, AUTO_INCREMENT=23;

--
-- AUTO_INCREMENT for table `specialties`
--
ALTER TABLE `specialties`
  MODIFY `id` int(11) NOT NULL AUTO_INCREMENT, AUTO_INCREMENT=4;

--
-- AUTO_INCREMENT for table `stylists`
--
ALTER TABLE `stylists`
  MODIFY `id` int(11) NOT NULL AUTO_INCREMENT, AUTO_INCREMENT=9;

--
-- AUTO_INCREMENT for table `stylists_clients`
--
ALTER TABLE `stylists_clients`
  MODIFY `id` int(11) NOT NULL AUTO_INCREMENT, AUTO_INCREMENT=3;

--
-- AUTO_INCREMENT for table `stylists_specialties`
--
ALTER TABLE `stylists_specialties`
  MODIFY `id` int(11) NOT NULL AUTO_INCREMENT, AUTO_INCREMENT=22;

/*!40101 SET CHARACTER_SET_CLIENT=@OLD_CHARACTER_SET_CLIENT */;
/*!40101 SET CHARACTER_SET_RESULTS=@OLD_CHARACTER_SET_RESULTS */;
/*!40101 SET COLLATION_CONNECTION=@OLD_COLLATION_CONNECTION */;
